,region1,region2,p_value,Cohen_d
0,Frontal_Sup_Medial_L,Calcarine_L,0.000844667823176821,-0.9280754433535042
1,Cingulum_Post_L,Fusiform_L,0.0009999102250896443,-1.1472040688013396
